strategy,gross_pnl,net_pnl,sharpe,max_drawdown,turnover,win_rate
baseline_rule_based,60.15139278947203,58.701392789472045,3.6378056237572878,-1.2753553559562079,58.0,0.8620689655172413
ml_filtered,51.76878835404579,50.768788354045796,3.7308289466060205,0.0,40.0,1.0
ml_probability_sized,41.97909776762896,41.17477778240101,3.820229600553818,0.0,32.17279940911862,1.0
