output_column,max_abs_diff,mean_abs_diff,n_compared,backend_pair
alpha,4.64033078628745e-09,5.100636765384414e-10,200,python_vs_c
beta_1,7.774995758325076e-09,5.462864498956277e-10,200,python_vs_c
beta_2,1.0759539925686568e-08,7.226277722906238e-10,200,python_vs_c
fitted_log_price,4.127365116346482e-11,4.294757882661315e-12,200,python_vs_c
residual,4.127365116346482e-11,4.294757882661315e-12,200,python_vs_c
