backend,repeats,mean_seconds,min_seconds,max_seconds,sample_rows,window
python,5,0.011306134000005841,0.010987685000003466,0.011616811999999754,240,40
c,5,0.0005667654000035327,0.0003574819999982992,0.0009497149999901922,240,40
