model_type,n_obs,positive_rate,threshold,accuracy,precision,recall,f1,brier_score,roc_auc,true_positive,false_positive,true_negative,false_negative
decision_tree,54,0.5185185185185185,0.5,0.5740740740740741,0.6086956521739131,0.5,0.5490196078431373,0.2688755526126378,0.5679945054945055,14,9,17,14
logistic_regression,54,0.5185185185185185,0.5,0.6296296296296297,0.5909090909090909,0.9285714285714286,0.7222222222222223,0.2405023908118093,0.6414835164835165,26,18,8,2
