node_id,depth,n_samples,positive_count,predicted_probability,impurity
1,1,22,19,0.8636363636363636,0.23553719008264462
3,2,14,12,0.8571428571428571,0.24489795918367352
5,3,75,32,0.4266666666666667,0.48924444444444454
6,3,15,12,0.8,0.3199999999999999
