node_id,depth,feature,threshold,information_gain,n_samples,positive_rate,left_node_id,right_node_id
0,0,beta_stability,0.01180627633546652,0.0304774590488876,126,0.5952380952380952,1,2
2,1,residual_z_score,-1.0871392361137093,0.03159575467267767,104,0.5384615384615384,3,4
4,2,residual_z_score,0.9566120672937538,0.038716049382716056,90,0.4888888888888889,5,6
