triplet_id,method,n_obs,residual_mean,residual_std,residual_abs_mean,residual_min,residual_q05,residual_median,residual_q95,residual_max,autocorr_1
NVDA_SMH_QQQ_PLACEHOLDER,kalman_random_walk,160,0.000820504226337404,0.05208922546316908,0.042858505555260586,-0.12962825190185345,-0.08675759574991067,0.004362323220377107,0.06813859587661969,0.1253843407505526,0.36598547865899417
NVDA_SMH_QQQ_PLACEHOLDER,rolling_ols,160,0.0448988475488297,0.4032480590204173,0.32395884624560106,-0.789202718132267,-0.595440993366289,-0.015519262090049057,0.7100731065572375,0.9646137661120555,0.9673172986463149
