strategy,trade_count,gross_pnl,net_pnl,average_net_pnl,median_net_pnl,win_rate,turnover,max_drawdown,sharpe
baseline_rule_based,29,60.15139278947203,58.701392789472045,2.024185958257657,2.155893257089572,0.8620689655172413,58.0,-1.2753553559562079,3.6378056237572878
ml_filtered,20,51.76878835404579,50.768788354045796,2.53843941770229,2.3472933324846768,1.0,40.0,0.0,3.7308289466060205
ml_probability_sized,20,41.97909776762896,41.17477778240101,2.0587388891200504,1.8883803555425904,1.0,32.17279940911862,0.0,3.820229600553818
