probability_bucket,n_events,mean_predicted_probability,realized_success_rate,calibration_error,absolute_calibration_error,split
"(0.8, 1.0]",2,0.9256543484781968,0.5,-0.42565434847819683,0.42565434847819683,validation
"(0.8, 1.0]",2,0.9363697935972132,0.5,-0.4363697935972132,0.4363697935972132,test
